# id	sub	bounty	ncom	ageH	tags	title
1482369	meta	0	2	1.9	FRESH,HOT	Presenting Stacker News ZINE of the week! check it out
1482108	bitcoin	0	5	8.8	HOT	Latest Strikes S03E17 - April 20th - 26th 2026
1482284	bitcoin	0	1	5.1	HOT	CoinJoin Probing Attack: Analysis and Countermeasures
1482006	bitcoin	0	3	12.1	HOT	Bisq vulnerability being exploited, trading halted
1482087	bitcoin	0	6	9.3	HOT	Multisig Digital Bearer Instruments - peer to peer electronic cash
1482070	bitcoin	0	9	9.7	HOT	Nic Carter does not think canaries are useful for quantum computers
1482100	bitcoin	0	0	9.0	HOT	Compact blocks, changing consensus - Bitcoin Optech Newsletter #403
1482387	meta	0	1	1.5	FRESH	The DOJ's Developer Exemptions | SNL #222
1482387	meta	0	1	1.5	FRESH	The DOJ's Developer Exemptions | SNL #222
1481789	tech	0	5	22.4	HOT	My Daughter Died at 32. My Devices Won’t Let Me Rest | WSJ
1482247	bitcoin	0	6	6.2		Timechain TV - Updated Content! TIMECHAINTV.COM ⚡️📺
1482302	news	0	1	4.5		Payments Adoption Weekly Brief 2026/18
1482364	AI	0	4	2.1		Open Agents
1482254	bitcoin	0	3	6.1		Have you ever messed up a transaction?
1482065	bitcoin	0	2	9.8		Solostr — Bitcoin Solo Mining, Pay With Lightning Network
1482210	bitcoin	0	0	6.9		What Can You Actually Buy With Bitcoin in Canada in 2026?
1482000	bitcoin	0	3	12.2		How much of Bitcoin mining economics does the average Bitcoiner misunderstand?
1481990	meta	0	0	12.6		This Day on SN: May 1
1481815	meta	0	5	21.9		Sign up for Stacker News with Lightning?
1482360	tech	0	1	2.3		Pilgrim — an iOS walking app with no third-party trackers
